Observation,anchoring_item,true_value,anchor,anchorhigh,estimate
1,Price of an average new car (USD),17157,100000,1,15000
2,Price of an average new car (USD),17157,1000,0,34000
3,Price of an average new car (USD),17157,1000,0,25000
4,Price of an average new car (USD),17157,100000,1,12000
5,Price of an average new car (USD),17157,100000,1,28000
6,Price of an average new car (USD),17157,1000,0,20000
7,Price of an average new car (USD),17157,100000,1,30000
8,Price of an average new car (USD),17157,1000,0,3000
9,Price of an average new car (USD),17157,1000,0,15000
10,Price of an average new car (USD),17157,1000,0,30000
11,Price of an average new car (USD),17157,1000,0,25000
12,Price of an average new car (USD),17157,100000,1,20000
13,Price of an average new car (USD),17157,1000,0,20000
14,Price of an average new car (USD),17157,1000,0,12500
15,Price of an average new car (USD),17157,1000,0,28000
16,Price of an average new car (USD),17157,1000,0,20000
17,Price of an average new car (USD),17157,100000,1,15000
18,Price of an average new car (USD),17157,100000,1,26000
19,Price of an average new car (USD),17157,100000,1,120000
20,Price of an average new car (USD),17157,1000,0,10000
21,Price of an average new car (USD),17157,100000,1,5000
22,Price of an average new car (USD),17157,1000,0,28000
23,Price of an average new car (USD),17157,100000,1,20000
24,Price of an average new car (USD),17157,100000,1,40000
25,Price of an average new car (USD),17157,100000,1,14000
26,Price of an average new car (USD),17157,1000,0,27000
27,Price of an average new car (USD),17157,100000,1,15000
28,Price of an average new car (USD),17157,1000,0,10000
29,Price of an average new car (USD),17157,100000,1,30000
30,Price of an average new car (USD),17157,100000,1,25000
31,Price of an average new car (USD),17157,100000,1,20000
32,Price of an average new car (USD),17157,100000,1,10000
33,Price of an average new car (USD),17157,100000,1,14000
34,Price of an average new car (USD),17157,1000,0,20000
35,Price of an average new car (USD),17157,1000,0,20000
36,Price of an average new car (USD),17157,1000,0,17000
37,Price of an average new car (USD),17157,1000,0,16000
38,Price of an average new car (USD),17157,100000,1,80000
39,Price of an average new car (USD),17157,100000,1,20000
40,Price of an average new car (USD),17157,1000,0,10000
41,Price of an average new car (USD),17157,1000,0,15000
42,Price of an average new car (USD),17157,1000,0,12000
43,Price of an average new car (USD),17157,1000,0,15000
44,Price of an average new car (USD),17157,1000,0,20000
45,Price of an average new car (USD),17157,100000,1,10000
46,Price of an average new car (USD),17157,1000,0,22000
47,Price of an average new car (USD),17157,100000,1,22000
48,Price of an average new car (USD),17157,100000,1,20000
49,Price of an average new car (USD),17157,1000,0,17000
50,Price of an average new car (USD),17157,1000,0,14500
51,Price of an average new car (USD),17157,100000,1,20000
52,Price of an average new car (USD),17157,100000,1,25000
53,Price of an average new car (USD),17157,1000,0,25000
54,Price of an average new car (USD),17157,1000,0,16000
55,Price of an average new car (USD),17157,100000,1,8000
56,Price of an average new car (USD),17157,1000,0,25000
57,Price of an average new car (USD),17157,100000,1,35000
58,Price of an average new car (USD),17157,100000,1,20000
59,Price of an average new car (USD),17157,100000,1,19000
60,Price of an average new car (USD),17157,1000,0,25000
61,Price of an average new car (USD),17157,1000,0,20000
62,Price of an average new car (USD),17157,100000,1,12000
63,Price of an average new car (USD),17157,1000,0,17000
64,Price of an average new car (USD),17157,1000,0,10000
65,Price of an average new car (USD),17157,100000,1,24000
66,Price of an average new car (USD),17157,1000,0,20000
67,Price of an average new car (USD),17157,100000,1,49999
68,Price of an average new car (USD),17157,100000,1,25000
69,Price of an average new car (USD),17157,1000,0,19000
70,Price of an average new car (USD),17157,100000,1,23000
71,Price of an average new car (USD),17157,100000,1,12000
72,Price of an average new car (USD),17157,100000,1,20000
73,Price of an average new car (USD),17157,1000,0,18000
74,Price of an average new car (USD),17157,1000,0,13000
75,Price of an average new car (USD),17157,1000,0,25000
76,Price of an average new car (USD),17157,1000,0,1500
77,Price of an average new car (USD),17157,100000,1,20000
78,Price of an average new car (USD),17157,100000,1,25000
79,Price of an average new car (USD),17157,1000,0,22000
80,Price of an average new car (USD),17157,100000,1,18000
81,Price of an average new car (USD),17157,1000,0,16000
82,Price of an average new car (USD),17157,1000,0,8000
83,Price of an average new car (USD),17157,100000,1,20000
84,Price of an average new car (USD),17157,1000,0,18000
85,Price of an average new car (USD),17157,1000,0,10000
86,Price of an average new car (USD),17157,1000,0,17000
87,Price of an average new car (USD),17157,1000,0,15000
88,Price of an average new car (USD),17157,1000,0,25000
89,Price of an average new car (USD),17157,1000,0,20000
90,Price of an average new car (USD),17157,1000,0,10000
91,Price of an average new car (USD),17157,1000,0,6453
92,Price of an average new car (USD),17157,1000,0,12000
93,Price of an average new car (USD),17157,100000,1,60000
94,Price of an average new car (USD),17157,1000,0,20000
95,Price of an average new car (USD),17157,100000,1,4000
96,Price of an average new car (USD),17157,1000,0,18000
97,Price of an average new car (USD),17157,100000,1,12000
98,Price of an average new car (USD),17157,100000,1,25000
99,Price of an average new car (USD),17157,1000,0,20000
100,Price of an average new car (USD),17157,100000,1,25000
101,Price of an average new car (USD),17157,1000,0,16000
102,Price of an average new car (USD),17157,100000,1,20000
103,Price of an average new car (USD),17157,100000,1,20000
104,Price of an average new car (USD),17157,1000,0,20000
105,Price of an average new car (USD),17157,100000,1,16000
106,Price of an average new car (USD),17157,1000,0,20000
107,Price of an average new car (USD),17157,1000,0,10000
108,Price of an average new car (USD),17157,1000,0,15000
109,Price of an average new car (USD),17157,1000,0,15000
110,Price of an average new car (USD),17157,1000,0,15000
111,Price of an average new car (USD),17157,1000,0,25000
112,Price of an average new car (USD),17157,1000,0,16000
113,Price of an average new car (USD),17157,1000,0,14000
114,Price of an average new car (USD),17157,100000,1,10000
115,Price of an average new car (USD),17157,1000,0,15000
116,Price of an average new car (USD),17157,1000,0,15000
117,Price of an average new car (USD),17157,100000,1,20000
118,Price of an average new car (USD),17157,100000,1,24000
119,Price of an average new car (USD),17157,100000,1,20000
120,Price of an average new car (USD),17157,100000,1,25000
121,Price of an average new car (USD),17157,1000,0,25000
122,Price of an average new car (USD),17157,100000,1,35000
123,Price of an average new car (USD),17157,100000,1,17000
124,Price of an average new car (USD),17157,1000,0,14000
125,Price of an average new car (USD),17157,100000,1,16000
126,Price of an average new car (USD),17157,100000,1,15000
127,Price of an average new car (USD),17157,100000,1,20000
128,Price of an average new car (USD),17157,1000,0,20000
129,Price of an average new car (USD),17157,100000,1,19000
130,Price of an average new car (USD),17157,1000,0,18000
131,Price of an average new car (USD),17157,1000,0,16000
132,Price of an average new car (USD),17157,1000,0,40000
133,Price of an average new car (USD),17157,1000,0,16000
134,Price of an average new car (USD),17157,100000,1,20000
135,Price of an average new car (USD),17157,100000,1,18000
136,Price of an average new car (USD),17157,100000,1,20000
137,Price of an average new car (USD),17157,1000,0,10000
138,Price of an average new car (USD),17157,100000,1,10000
139,Price of an average new car (USD),17157,100000,1,20000
140,Price of an average new car (USD),17157,1000,0,3500
141,Price of an average new car (USD),17157,1000,0,18000
142,Price of an average new car (USD),17157,100000,1,20000
143,Price of an average new car (USD),17157,100000,1,20000
144,Price of an average new car (USD),17157,1000,0,30000
145,Price of an average new car (USD),17157,1000,0,25000
146,Price of an average new car (USD),17157,1000,0,16000
147,Price of an average new car (USD),17157,100000,1,20000
148,Price of an average new car (USD),17157,100000,1,20000
149,Price of an average new car (USD),17157,1000,0,12000
150,Price of an average new car (USD),17157,1000,0,15000
151,Price of an average new car (USD),17157,100000,1,20000
152,Price of an average new car (USD),17157,100000,1,25000
153,Price of an average new car (USD),17157,1000,0,20000
154,Price of an average new car (USD),17157,100000,1,24000
155,Price of an average new car (USD),17157,1000,0,20000
156,Price of an average new car (USD),17157,100000,1,27000
157,Price of an average new car (USD),17157,100000,1,20000
158,Price of an average new car (USD),17157,100000,1,42000
159,Price of an average new car (USD),17157,1000,0,15000
160,Price of an average new car (USD),17157,100000,1,27000
161,Price of an average new car (USD),17157,1000,0,17000
162,Price of an average new car (USD),17157,100000,1,18000
163,Price of an average new car (USD),17157,1000,0,20000
164,Price of an average new car (USD),17157,1000,0,18000
165,Price of an average new car (USD),17157,1000,0,21000
166,Price of an average new car (USD),17157,100000,1,20000
167,Price of an average new car (USD),17157,1000,0,18000
168,Price of an average new car (USD),17157,100000,1,16000
169,Price of an average new car (USD),17157,1000,0,15000
170,Price of an average new car (USD),17157,100000,1,24000
171,Price of an average new car (USD),17157,1000,0,20000
172,Price of an average new car (USD),17157,1000,0,25000
173,Price of an average new car (USD),17157,100000,1,18000
174,Price of an average new car (USD),17157,1000,0,20000
175,Price of an average new car (USD),17157,1000,0,20000
176,Price of an average new car (USD),17157,100000,1,20000
177,Price of an average new car (USD),17157,100000,1,55000
178,Price of an average new car (USD),17157,1000,0,17500
179,Price of an average new car (USD),17157,100000,1,25000
180,Price of an average new car (USD),17157,100000,1,15000
181,Price of an average new car (USD),17157,1000,0,14000
182,Price of an average new car (USD),17157,1000,0,18000
183,Price of an average new car (USD),17157,100000,1,20000
184,Price of an average new car (USD),17157,100000,1,20000
185,Price of an average new car (USD),17157,100000,1,18000
186,Price of an average new car (USD),17157,100000,1,28000
187,Price of an average new car (USD),17157,1000,0,17000
188,Price of an average new car (USD),17157,1000,0,10000
189,Price of an average new car (USD),17157,1000,0,30000
190,Price of an average new car (USD),17157,100000,1,20000
191,Price of an average new car (USD),17157,100000,1,23000
192,Price of an average new car (USD),17157,100000,1,30000
193,Price of an average new car (USD),17157,100000,1,11000
194,Price of an average new car (USD),17157,1000,0,17000
195,Price of an average new car (USD),17157,1000,0,15000
196,Price of an average new car (USD),17157,100000,1,30000
197,Price of an average new car (USD),17157,1000,0,15000
198,Price of an average new car (USD),17157,100000,1,24000
199,Price of an average new car (USD),17157,100000,1,20000
200,Price of an average new car (USD),17157,1000,0,13000
201,Price of an average new car (USD),17157,100000,1,20000
202,Price of an average new car (USD),17157,100000,1,30000
203,Price of an average new car (USD),17157,1000,0,12000
204,Price of an average new car (USD),17157,1000,0,2000
205,Price of an average new car (USD),17157,100000,1,15000
206,Price of an average new car (USD),17157,1000,0,20000
207,Price of an average new car (USD),17157,100000,1,18000
208,Price of an average new car (USD),17157,1000,0,20000
209,Price of an average new car (USD),17157,100000,1,17000
210,Price of an average new car (USD),17157,1000,0,25000
211,Price of an average new car (USD),17157,100000,1,25000
212,Price of an average new car (USD),17157,1000,0,22000
213,Price of an average new car (USD),17157,100000,1,20000
214,Price of an average new car (USD),17157,1000,0,18000
215,Price of an average new car (USD),17157,100000,1,16000
216,Price of an average new car (USD),17157,100000,1,36000
217,Price of an average new car (USD),17157,100000,1,20000
218,Price of an average new car (USD),17157,1000,0,15000
219,Price of an average new car (USD),17157,100000,1,25000
220,Price of an average new car (USD),17157,100000,1,25000
221,Price of an average new car (USD),17157,100000,1,40000
222,Price of an average new car (USD),17157,1000,0,20000
223,Price of an average new car (USD),17157,100000,1,20000
224,Price of an average new car (USD),17157,100000,1,15000
225,Price of an average new car (USD),17157,1000,0,24000
226,Price of an average new car (USD),17157,100000,1,20000
227,Price of an average new car (USD),17157,100000,1,45000
228,Price of an average new car (USD),17157,1000,0,18000
229,Price of an average new car (USD),17157,1000,0,20000
230,Price of an average new car (USD),17157,100000,1,35000
231,Price of an average new car (USD),17157,100000,1,30000
232,Price of an average new car (USD),17157,1000,0,30000
233,Price of an average new car (USD),17157,1000,0,15000
234,Price of an average new car (USD),17157,100000,1,20000
235,Price of an average new car (USD),17157,1000,0,17000
236,Price of an average new car (USD),17157,1000,0,8000
237,Price of an average new car (USD),17157,1000,0,22000
238,Price of an average new car (USD),17157,100000,1,18000
239,Price of an average new car (USD),17157,100000,1,15000
240,Price of an average new car (USD),17157,1000,0,15000
241,Price of an average new car (USD),17157,100000,1,125000
242,Price of an average new car (USD),17157,100000,1,18000
243,Price of an average new car (USD),17157,100000,1,20000
244,Price of an average new car (USD),17157,1000,0,20000
245,Price of an average new car (USD),17157,1000,0,18000
246,Price of an average new car (USD),17157,100000,1,19000
247,Price of an average new car (USD),17157,100000,1,25000
248,Price of an average new car (USD),17157,1000,0,15000
249,Price of an average new car (USD),17157,1000,0,20000
250,Price of an average new car (USD),17157,1000,0,15000
251,Price of an average new car (USD),17157,1000,0,10000
252,Price of an average new car (USD),17157,1000,0,11000
253,Price of an average new car (USD),17157,100000,1,30000
254,Price of an average new car (USD),17157,1000,0,30000
255,Price of an average new car (USD),17157,1000,0,16000
256,Price of an average new car (USD),17157,1000,0,18000
257,Price of an average new car (USD),17157,100000,1,45000
258,Price of an average new car (USD),17157,100000,1,15000
259,Price of an average new car (USD),17157,1000,0,25000
260,Price of an average new car (USD),17157,1000,0,19000
261,Price of an average new car (USD),17157,100000,1,25000
262,Price of an average new car (USD),17157,100000,1,18000
263,Price of an average new car (USD),17157,100000,1,20000
264,Price of an average new car (USD),17157,100000,1,25000
265,Price of an average new car (USD),17157,100000,1,18000
266,Price of an average new car (USD),17157,1000,0,30000
267,Price of an average new car (USD),17157,100000,1,20000
268,Price of an average new car (USD),17157,1000,0,17500
269,Price of an average new car (USD),17157,100000,1,40000
270,Price of an average new car (USD),17157,100000,1,30000
271,Price of an average new car (USD),17157,1000,0,19000
272,Price of an average new car (USD),17157,100000,1,40000
273,Price of an average new car (USD),17157,1000,0,21000
274,Price of an average new car (USD),17157,100000,1,15000
275,Price of an average new car (USD),17157,100000,1,20000
276,Price of an average new car (USD),17157,100000,1,20000
277,Price of an average new car (USD),17157,100000,1,20000
278,Price of an average new car (USD),17157,1000,0,12500
279,Price of an average new car (USD),17157,100000,1,20000
280,Price of an average new car (USD),17157,100000,1,20000
281,Price of an average new car (USD),17157,100000,1,20000
282,Price of an average new car (USD),17157,1000,0,16
283,Price of an average new car (USD),17157,100000,1,15000
284,Price of an average new car (USD),17157,1000,0,20000
285,Price of an average new car (USD),17157,1000,0,20000
286,Price of an average new car (USD),17157,100000,1,15000
287,Price of an average new car (USD),17157,1000,0,15000
288,Price of an average new car (USD),17157,1000,0,18000
289,Price of an average new car (USD),17157,1000,0,30000
290,Price of an average new car (USD),17157,100000,1,25000
291,Price of an average new car (USD),17157,1000,0,16000
292,Price of an average new car (USD),17157,100000,1,20000
293,Price of an average new car (USD),17157,100000,1,30000
294,Price of an average new car (USD),17157,100000,1,75000
295,Price of an average new car (USD),17157,1000,0,25000
296,Price of an average new car (USD),17157,100000,1,18000
297,Price of an average new car (USD),17157,1000,0,20000
298,Price of an average new car (USD),17157,100000,1,10000
299,Price of an average new car (USD),17157,1000,0,20000
300,Price of an average new car (USD),17157,1000,0,25000
301,Price of an average new car (USD),17157,100000,1,11000
302,Price of an average new car (USD),17157,1000,0,4000
303,Price of an average new car (USD),17157,1000,0,18000
304,Price of an average new car (USD),17157,100000,1,25000
305,Price of an average new car (USD),17157,100000,1,25000
306,Price of an average new car (USD),17157,100000,1,50000
307,Price of an average new car (USD),17157,1000,0,26000
308,Price of an average new car (USD),17157,1000,0,31252
309,Price of an average new car (USD),17157,100000,1,21000
310,Price of an average new car (USD),17157,1000,0,40000
311,Price of an average new car (USD),17157,100000,1,20000
312,Price of an average new car (USD),17157,1000,0,17000
313,Price of an average new car (USD),17157,100000,1,25000
314,Price of an average new car (USD),17157,1000,0,20000
315,Price of an average new car (USD),17157,1000,0,14000
316,Price of an average new car (USD),17157,100000,1,18000
317,Price of an average new car (USD),17157,1000,0,17000
318,Price of an average new car (USD),17157,100000,1,22000
319,Price of an average new car (USD),17157,100000,1,25000
320,Price of an average new car (USD),17157,100000,1,30000
321,Price of an average new car (USD),17157,1000,0,15000
322,Price of an average new car (USD),17157,1000,0,20000
323,Price of an average new car (USD),17157,1000,0,25000
324,Price of an average new car (USD),17157,1000,0,17000
325,Price of an average new car (USD),17157,1000,0,8000
326,Price of an average new car (USD),17157,1000,0,13000
327,Price of an average new car (USD),17157,1000,0,15000
328,Price of an average new car (USD),17157,1000,0,20000
329,Price of an average new car (USD),17157,100000,1,25000
330,Price of an average new car (USD),17157,1000,0,17000
331,Price of an average new car (USD),17157,1000,0,18000
332,Price of an average new car (USD),17157,100000,1,15000
333,Price of an average new car (USD),17157,1000,0,18000
334,Price of an average new car (USD),17157,100000,1,25000
335,Price of an average new car (USD),17157,1000,0,20000
336,Price of an average new car (USD),17157,1000,0,15000
337,Price of an average new car (USD),17157,100000,1,30000
338,Price of an average new car (USD),17157,1000,0,10000
339,Price of an average new car (USD),17157,1000,0,25000
340,Price of an average new car (USD),17157,100000,1,31252
341,Price of an average new car (USD),17157,100000,1,25000
342,Price of an average new car (USD),17157,100000,1,30000
343,Price of an average new car (USD),17157,100000,1,20000
344,Price of an average new car (USD),17157,100000,1,20000
345,Price of an average new car (USD),17157,100000,1,15000
346,Price of an average new car (USD),17157,1000,0,23000
347,Price of an average new car (USD),17157,1000,0,25000
348,Price of an average new car (USD),17157,1000,0,18000
349,Price of an average new car (USD),17157,100000,1,40000
350,Price of an average new car (USD),17157,100000,1,18000
351,Price of an average new car (USD),17157,100000,1,10000
352,Price of an average new car (USD),17157,100000,1,30000
353,Price of an average new car (USD),17157,1000,0,20000
354,Price of an average new car (USD),17157,100000,1,30000
355,Price of an average new car (USD),17157,1000,0,20000
356,Price of an average new car (USD),17157,100000,1,15000
357,Price of an average new car (USD),17157,1000,0,23000
358,Price of an average new car (USD),17157,1000,0,15000
359,Price of an average new car (USD),17157,1000,0,17000
360,Price of an average new car (USD),17157,100000,1,18000
361,Price of an average new car (USD),17157,100000,1,16000
362,Price of an average new car (USD),17157,100000,1,20000
363,Price of an average new car (USD),17157,1000,0,15000
364,Price of an average new car (USD),17157,100000,1,16000
365,Price of an average new car (USD),17157,100000,1,13600
366,Price of an average new car (USD),17157,100000,1,35000
367,Price of an average new car (USD),17157,1000,0,12000
368,Price of an average new car (USD),17157,100000,1,112333
369,Price of an average new car (USD),17157,100000,1,30000
370,Price of an average new car (USD),17157,100000,1,16000
371,Price of an average new car (USD),17157,100000,1,13000
372,Price of an average new car (USD),17157,1000,0,15000
373,Price of an average new car (USD),17157,1000,0,20000
374,Price of an average new car (USD),17157,100000,1,15000
375,Price of an average new car (USD),17157,100000,1,28000
376,Price of an average new car (USD),17157,1000,0,20000
377,Price of an average new car (USD),17157,100000,1,30000
378,Price of an average new car (USD),17157,100000,1,13000
379,Price of an average new car (USD),17157,100000,1,27000
380,Price of an average new car (USD),17157,100000,1,30000
381,Price of an average new car (USD),17157,100000,1,41000
382,Price of an average new car (USD),17157,100000,1,20000
383,Price of an average new car (USD),17157,100000,1,50000
384,Price of an average new car (USD),17157,1000,0,23500
385,Price of an average new car (USD),17157,1000,0,12000
386,Price of an average new car (USD),17157,100000,1,20000
387,Price of an average new car (USD),17157,1000,0,25499
388,Price of an average new car (USD),17157,1000,0,24000
389,Price of an average new car (USD),17157,1000,0,20000
390,Price of an average new car (USD),17157,100000,1,25000
391,Price of an average new car (USD),17157,1000,0,22000
392,Price of an average new car (USD),17157,100000,1,30000
393,Price of an average new car (USD),17157,1000,0,12000
394,Price of an average new car (USD),17157,1000,0,18000
395,Price of an average new car (USD),17157,100000,1,40000
396,Price of an average new car (USD),17157,1000,0,17000
397,Price of an average new car (USD),17157,1000,0,15
398,Price of an average new car (USD),17157,1000,0,13
399,Price of an average new car (USD),17157,100000,1,12500
400,Price of an average new car (USD),17157,100000,1,16000
401,Price of an average new car (USD),17157,100000,1,12000
402,Price of an average new car (USD),17157,1000,0,17000
403,Price of an average new car (USD),17157,1000,0,20000
404,Price of an average new car (USD),17157,1000,0,12999
405,Price of an average new car (USD),17157,100000,1,22000
406,Price of an average new car (USD),17157,1000,0,20000
407,Price of an average new car (USD),17157,100000,1,21000
408,Price of an average new car (USD),17157,1000,0,15000
409,Price of an average new car (USD),17157,100000,1,15000
410,Price of an average new car (USD),17157,100000,1,20000
411,Price of an average new car (USD),17157,100000,1,20000
412,Price of an average new car (USD),17157,100000,1,18000
413,Price of an average new car (USD),17157,1000,0,30000
414,Price of an average new car (USD),17157,100000,1,15000
415,Price of an average new car (USD),17157,100000,1,20000
